glyph_hash|font_name|GlyphName|unicode_hex|AGN
91a341ce580587a778af3382030ad5e9|GKCMAE+Arial068.313|.notdef|FFFD|notdef
7639478647175db0d73e74f4ba09928f|GKCMAE+Arial068.313|G40|0020|space
4af892bb0226f631107b6bec6b8a701e|GKCMAE+Arial068.313|G41|0029|parenright
df3ec7de891957470fe3fd066d1ad9b9|GKCMAE+Arial068.313|G43|002b|plus
0e0e42afadeeb6453db22a4fd37327af|GKCMAE+Arial068.313|G44|002c|comma
b5a78defc0f0f6b124f9a433ee7d5933|GKCMAE+Arial068.313|G45|002d|hyphen
3a43f0ffb18e75609b5295c7df2af9cd|GKCMAE+Arial068.313|G46|002e|period
5515baea1a5271c92c5e88a0fa1302ae|GKCMAE+Arial068.313|G48|0030|zero
8735ed83dae03585da9ed831970b6457|GKCMAE+Arial068.313|G49|0031|one
34a25fd70c5a7dc1a0b4ef7d3df4d72d|GKCMAE+Arial068.313|G50|0032|two
eb4861d6bca6447ad45ca80807c08257|GKCMHD+Arial.kurz.va068.313|.notdef|FFFD|notdef
1ce29af1452a2b0cfc329851dee8538c|GKCMHD+Arial.kurz.va068.313|G44|002c|comma
28c108f4484455e359bf5a1ffd71aa5c|GKCMHD+Arial.kurz.va068.313|G45|002d|hyphen
2412616949976af8f679292d5dd0ad1b|GKCMHD+Arial.kurz.va068.313|G46|002e|period
0d5ee43b4a2f392ae084a2df568780a6|GKCMHD+Arial.kurz.va068.313|G73|002f|slash
ef62f3fbb18099e85890276fdf47007d|GKCMHD+Arial.kurz.va068.313|G97|0061|a
c4828ce4fb91dc9a90b3364f7cd10b83|GKCMAE+Arial068.313|G51|0033|three
b5ab2eb48e50c573b0d260788f0a161c|GKCMAE+Arial068.313|G52|0034|four
07ee7dc16095a1173a3a9493aa7c1e8b|GKCMAE+Arial068.313|G53|0035|five
14340c8d933dacd1732dd45988e10a09|GKCMAE+Arial068.313|G54|0036|six
05e5b9bbbd60dcade0e1cbc56947f51a|GKCMAE+Arial068.313|G55|0037|seven
dc13bd3a23e266ed6351878c5cc1f348|GKCMAE+Arial068.313|G56|0038|eight
6df9f7c65cdd2597a7a735aa90ee6bd2|GKCMAE+Arial068.313|G57|0039|nine
f06d99d2e0dfd5b23a38e4d93a4e80f2|GKCMAE+Arial068.313|G58|003a|colon
e33de4ffc621ce0d4a4e7374539a71ab|GKCMAE+Arial068.313|G160|0020|space
697085468b33cffc45d5ddd375ab7ef9|GKCKNF+Arial062.5|.notdef|FFFD|notdef
b615a575a40d3f7909e90df04049c85e|GKCLCF+Arial.kurz.va062.5|G41|0029|parenright
740a3a70cef4c8bb032e728bd5255999|GKCLCF+Arial.kurz.va062.5|G44|002c|comma
0f6833846c68e04e2b00020779e6d53e|GKCKNF+Arial062.5|G40|0028|parenleft
1eb9ad21527ceb101a12f896c16ffae5|GKCKNF+Arial062.5|G41|0029|parenright
cfadab7c475cdcaf464cfe904728f29c|GKCKNF+Arial062.5|G44|002c|comma
892b007b188db978525bcf63aa2497f9|GKCKNF+Arial062.5|G45|002d|hyphen
4dbb114707dc9d3bdfd4c93de98f17c7|GKCKNF+Arial062.5|G46|002e|period
0420750ee7986a63bfea9dfcbecdde13|GKCKNF+Arial062.5|G47|002f|slash
cb258636e56a794bbb915f2282c25b0f|GKCKNF+Arial062.5|G48|0030|zero
bfdc29de0555d9144cc377321af59e9a|GKCNLC+Arial.kurz.va058.313|.notdef|FFFD|notdef
a19a77e94eb11322926c882f24a0569a|GKCNLC+Arial.kurz.va058.313|G46|002e|period
38a0ff202523745659b0d06b7ad1b055|GKCMAE+Arial068.313|G59|003b|semicolon
016dec48731b3de10e1ef0c7618e29ab|GKCMAE+Arial068.313|G65|0041|A
a85e42f1504c51dce5ad47b66efc8e00|GKCMAE+Arial068.313|G66|0042|B
830e1c7e3bc2d9b52668c1449024e1d5|GKCMAE+Arial068.313|G67|0043|C
aa34d445f2f59ab22a7db625bcf54487|GKCKIF+Arial.tu.n.062.5|.notdef|FFFD|notdef
ca7017c785e9421848711ebd4af5aecf|GKCKIF+Arial.tu.n.062.5|G44|002c|comma
6c2b0498ab5360d6a07b868d26bf4aa2|GKCKIF+Arial.tu.n.062.5|G45|002d|hyphen
bee9820073e017a3296b4372dc1fa79a|GKCKIF+Arial.tu.n.062.5|G46|002e|period
401ca0ff26648056f533963acb2fb0e0|GKCKIF+Arial.tu.n.062.5|G48|0030|zero
6de04faf2e80e3b5629f66dc9e50fe07|GKCJJF+Arial.tu.n.083.313|.notdef|FFFD|notdef
bf1dd7138c0007b381191e9c6adbcff1|GKCJJF+Arial.tu.n.083.313|G43|002b|plus
c428146a2912a8653f1fad6fdae6992b|GKCJJF+Arial.tu.n.083.313|G44|002c|comma
177b8ece98dc77b3f463c34535283204|GKCJJF+Arial.tu.n.083.313|G45|002d|hyphen
25a6de8c6b2d4b63f92c1c80601463f6|GKCJJF+Arial.tu.n.083.313|G46|002e|period
3d476eddcd914b9b773fec8198a887ca|GKCJJF+Arial.tu.n.083.313|G47|002f|slash
6138a8d7bdd719f46150c61956d51d23|GKCJJF+Arial.tu.n.083.313|G48|0030|zero
7bef92c84466ee0f325a9f6c30cd2a3a|GKCKNF+Arial062.5|G38|0026|ampersand
cba47b4c4606c2894439b73bf77e6d18|GKMGFO+Arial072.5|.notdef|FFFD|notdef
04b6f0bf9d154ac72fadb19c15f6e9e1|GKMGFO+Arial072.5|G37|0025|percent
76901d34aa942b0e47807aae9d773f04|GKMGFO+Arial072.5|G40|0028|parenleft
61a289f453b5bb7dccb7907e4a534421|GKMGFO+Arial072.5|G41|0029|parenright
56e78fa12ad641e7925bb40e0dbb48ac|GKMGFO+Arial072.5|G43|002b|plus
3c6ff2db2094bb5d04fb81216de438b4|GKMGFO+Arial072.5|G44|002c|comma
0ce5196d52bc5b722b985b7492971865|GKMGFO+Arial072.5|G45|002d|hyphen
8704085d35ea505741ce76f6f290df44|GKMGFO+Arial072.5|G46|002e|period
c0fedd052584fe621130f6c4fd95e116|GKMGFO+Arial072.5|G47|002f|slash
1b543e1c764d94176cba0feabf47ff0b|GKMGFO+Arial072.5|G48|0030|zero
bbd71c575e060c25c328475b4ee9b899|GKMGFO+Arial072.5|G49|0031|one
a8f0f4a73a0339fa6ba670d30e8de125|GKMGFO+Arial072.5|G50|0032|two
6e1107dc66dd7a4e4f01a704d3920b77|GKMGFO+Arial072.5|G51|0033|three
cdec16c7f773c923804f92dc3cd2f242|GKMGFO+Arial072.5|G52|0034|four
8b3f635d359fc50cf856ba1ebb93c41f|GKMGFO+Arial072.5|G53|0035|five
e2bb7fe7144dbc8ca56bd6f5944fa7a0|GKMGFO+Arial072.5|G55|0037|seven
813346c46ccf9170d64e85865dcbf0b0|GKMGFO+Arial072.5|G56|0038|eight
2494a329893265160b89eac6d2ff6bdd|GKMGFO+Arial072.5|G57|0039|nine
0dc2d0628b8ba18766b93df2acb513e8|GKMGFO+Arial072.5|G67|0043|C
b39d214d2fb62b81c3536a250d479436|GKMGFO+Arial072.5|G68|0044|D
61c620ceff0985464e5569f36c210a15|GKMGFO+Arial072.5|G69|0045|E
08dab55d7579af63e24d3fa32a7922df|GKMGFO+Arial072.5|G71|0047|G
c88474b79033ae23fe9417730fdc0a65|GKMGFO+Arial072.5|G72|0048|H
9e29e1e26e140c6e0dc62221b8d227f3|GKMGFO+Arial072.5|G75|004b|K
347eb1d34c3bf71655ee3401dbc5ce0e|GKMGFO+Arial072.5|G77|004d|M
93036252d7d4e434b73f5aae63a92255|GKMGFO+Arial072.5|G78|004e|N
300fc6e1c8b7a7c0c99f5f7abd23dacd|GKMGFO+Arial072.5|G79|004f|O
dc6498c8313f1a87e754fcac93b59aa2|GKMGFO+Arial072.5|G80|0050|P
f2fdd633f6d6d9f49ac243c299302b8f|GKMGFO+Arial072.5|G82|0052|R
e68a5db9d61a381ae434e7f293f6e55a|GKMGFO+Arial072.5|G83|0053|S
63ad855952563833dff3e0e3032ce0a3|GKMGFO+Arial072.5|G84|0054|T
edb0b006ff7deff04bab035ee2f05316|GKMGFO+Arial072.5|G86|0056|V
b6c593b8a7a2aca7b431aca9f2744193|GKMGFO+Arial072.5|G87|0057|W
f45c706ee1d3dc20854b9a512c41cc54|GKMGFO+Arial072.5|G90|005a|Z
790e4dc8cc9719f7089344fbca9a8334|GKMGFO+Arial072.5|G97|0061|a
c56074399fa50ee0ab103e7832da846e|GKMGFO+Arial072.5|G98|0062|b
078881090bab9106beea94d9f2a8729c|GKMGFO+Arial072.5|G99|0063|c
cc38b3fd35890311f763d6ac20eacfc8|GKMGFO+Arial072.5|G100|0064|d
e6c40ed9399fd43fcbbf3ba437f85dff|GKMGFO+Arial072.5|G101|0065|e
b1c75db843a828f003e79046f9cce64c|GKMGFO+Arial072.5|G102|0066|f
ba65c7b78e99af62f8019f45c90f05c1|GKMGFO+Arial072.5|G103|0067|g
5dd06e445a479fa1eff84f9c835f6bb9|GKMGFO+Arial072.5|G104|0068|h
092f530606da094ab1bc79ebc24f206f|GKMGFO+Arial072.5|G105|0069|i
75d8f1860652042ec678b9ad53d89a13|GKMGFO+Arial072.5|G106|006a|j
67aced295ffc9d165159074401ed7fca|GKMGFO+Arial072.5|G107|006b|k
4c251d2562fc496fe1e589530ad36f4d|GKMGFO+Arial072.5|G108|006c|l
1217a81f9ca48d3e6cdd61ef893b852f|GKMGFO+Arial072.5|G109|006d|m
821e09245bda747a5c8d5921d62c9851|GKMGFO+Arial072.5|G110|006e|n
f5a155d4a80797a67e305a28253d19e9|GKMGFO+Arial072.5|G111|006f|o
903791e27170ebd00dafd7ab5d221e0b|GKMGFO+Arial072.5|G112|0070|p
ecdf8f7ebe961917ec2ba9b7b713a10f|GKMGFO+Arial072.5|G114|0072|r
c610547477897e3561ff18b7e3aa379e|GKMGFO+Arial072.5|G115|0073|s
548ec1b69059a8d20c91b2b519560637|GKMGFO+Arial072.5|G116|0074|t
2211e2cfe719c4e0052f903c1c0ce27f|GKMGFO+Arial072.5|G117|0075|u
5c681aabaa07154d6f004a5bf38bdeed|GKMGFO+Arial072.5|G118|0076|v
7213cf2b32d25bea792288d704ba7e21|GKMGFO+Arial072.5|G120|0078|x
ae7da3847cb4f0e6ae9b6a5da906bec0|GKMGFO+Arial072.5|G121|0079|y
9dedde492c50f4dbb17ec0f5c974cd9e|GKMGFO+Arial072.5|G122|007a|z
a085b1bf7777661ed17e8b0fa8829044|GKMGFO+Arial072.5|G154|0161|scaron
270f68c3cfb68d136dcbbe3735957643|GKMGFO+Arial072.5|G157|0165|tcaron
ea3b831da47e87fc38540174f42250aa|GKMGFO+Arial072.5|G158|017e|zcaron
29cc20f8fdd05c9bc899326e7de41467|GKMGFO+Arial072.5|G200|010c|Ccaron
ddf8212f2b8e8d08d435e73e0ec104ff|GKMGFO+Arial072.5|G218|00da|Uacute
51bae5484c84a078db5f656dcf13a77e|GKMGFO+Arial072.5|G225|00e1|aacute
bcbe4a8c29d7d0b6f9b714a716a508c3|GKMGFO+Arial072.5|G232|010d|ccaron
e9a3892312c0ca6b9d210b9f0b4afafc|GKMGFO+Arial072.5|G233|00e9|eacute
77b8c0d4297490c2b1e9996ac24bb529|GKMGFO+Arial072.5|G236|011b|ecaron
dec78e6779abcd289750eca46effe619|GKMGFO+Arial072.5|G237|00ed|iacute
6514f1a6029054fd9aae9e00ee7308a9|GKMGFO+Arial072.5|G242|0148|ncaron
8b9a1e01f8f7c16b6a64deb59604b14a|GKMGFO+Arial072.5|G243|00f3|oacute
4381794828f242f2ff3c7cb19907330e|GKMGFO+Arial072.5|G248|0159|rcaron
906a26c2de4dcee7655c1c41e589e379|GKMGFO+Arial072.5|G249|016f|uring
31bc9b005297f128b1905495d4b0f498|GKMGFO+Arial072.5|G250|00fa|uacute
997b40f77b4c9a584d006feaff6dd513|GKMGFO+Arial072.5|G253|00fd|yacute
63b83d41a76657ef00f9314b95782762|GKMGAM+Wingdingsb072.5|.notdef|FFFD|notdef
37ff6895154a1707b05c718352d563ea|AINLGB+Wingdings075|.notdef|FFFD|notdef
bf6caa7e982f18a46fc401b06ead1517|GKCMAE+Arial068.313|G68|0044|D
a46f5b8f8588444fff03b403873eca16|GKCMAE+Arial068.313|G69|0045|E
b7484936c3116861a8f6862ffdf96c25|GKCMAE+Arial068.313|G70|0046|F
c79d13bc76aa4d01efd952c4a201aefd|GKCMAE+Arial068.313|G71|0047|G
77c581206c6af9c1eb8565d762e37364|GKCMAE+Arial068.313|G72|0048|H
d0d96eab3218f14c454e0b53ecb86c0c|GKCMAE+Arial068.313|G73|0049|I
8285f85bb4dec6c036bf63fda2437dd5|GKCMAE+Arial068.313|G74|004a|J
40f9623d15172fba8b1b74de25fe466a|GKCMAE+Arial068.313|G75|004b|K
e9268cf9cf12bc792364404569338c27|GKCMAE+Arial068.313|G76|004c|L
f04e28b05cbb6799a6eaff3cddd26372|GKCMAE+Arial068.313|G77|004d|M
76c056cac856ded78e4a7cbcf4ddf387|GKCMAE+Arial068.313|G78|004e|N
381549356e62a5ae8da364245e98a87b|GKCMAE+Arial068.313|G79|004f|O
064a1cb7e58d7846367edc0db441810a|GKCMAE+Arial068.313|G80|0050|P
90dddae6c18405499ee20a0f39d1e1fb|GKCMAE+Arial068.313|G82|0052|R
ec7b3ffd905b705b9250c78ce1267152|GKCMAE+Arial068.313|G83|0053|S
b26a2b285dfcbcbd1405c5aae169fe9d|GKCMAE+Arial068.313|G84|0054|T
35f38d48ca3ed3cb1712d453d892e1fc|GKCMAE+Arial068.313|G85|0055|U
3b973dea4721d9991a6d9efd51763c0b|GKCMAE+Arial068.313|G86|0056|V
abbb705a51f1d775e1014865f99e1cdb|GKCMAE+Arial068.313|G90|005a|Z
456540682efc077deeb16137b80ea32f|GKCMAE+Arial068.313|G97|0061|a
1b5cba9e9befe2fc4a623a34a127ea60|GKCMAE+Arial068.313|G98|0062|b
0c079e07a4e0405fe0a458f86e70faaa|GKCMAE+Arial068.313|G99|0063|c
33a070e05eefa8b31225115f84274ad5|GKCMAE+Arial068.313|G100|0064|d
3d69eccf358656287b44c01c84c6d361|GKCMAE+Arial068.313|G101|0065|e
50ff485ad8fc3c238988bffd834f0347|GKCMAE+Arial068.313|G102|0066|f
62dde4537af9659d6836f25f6d19fb3d|GKCMAE+Arial068.313|G103|0067|g
40234635c543ba75e269cbc5c2290abe|GKCMAE+Arial068.313|G104|0068|h
37d2d92b5ccdc4bac6924f6fc9c27b49|GKCMAE+Arial068.313|G105|0069|i
4c15f45018c17763b6281a555dc4d44a|GKCMAE+Arial068.313|G106|006a|j
7b32c0113b99175d94f3f6f98c3a119d|GKCMAE+Arial068.313|G107|006b|k
4816cb347777c1b6e87ae2f41f8178bf|GKCMAE+Arial068.313|G108|006c|l
89bfc5869acc8d403104b039d6b89680|GKCMAE+Arial068.313|G109|006d|m
1161bce1a622599892ed713df591b5b5|GKCMAE+Arial068.313|G110|006e|n
d408bbfad0bbec40885481f2c0fa382d|GKCMAE+Arial068.313|G111|006f|o
9580124a27f598e7e0e17ed16889fa44|GKCMAE+Arial068.313|G112|0070|p
a3ecaaf8677f340ec3f7f4e7fa0a652c|GKCMAE+Arial068.313|G114|0072|r
f82771446541e6a469812f65b1fa7386|GKCMAE+Arial068.313|G115|0073|s
e26098b5319e33bad04868f6e99f4461|GKCMAE+Arial068.313|G116|0074|t
b62d8cfe107e987595292b91635dd2f9|GKCMAE+Arial068.313|G117|0075|u
6b758612540e7a71e12ba5230f9f263c|GKCMAE+Arial068.313|G118|0076|v
a2dc50b14add587ae002c421d07cd46a|GKCMAE+Arial068.313|G119|0077|w
7582f549e2229d1d7eb74b021fdad9bc|GKCMAE+Arial068.313|G120|0078|x
acfd5f7fd94a7c3992fa4eac6c7cb9fd|GKCMAE+Arial068.313|G121|0079|y
d7b8e6fc6431d6baf2d3c1cecd08a7af|GKCMAE+Arial068.313|G122|007a|z
9970f3247f5b8c3b87ef018f24ca2688|GKCMAE+Arial068.313|G132|201e|quotedblbase
fb7391d177fceb120a86e2b60dc00b8b|GKCMAE+Arial068.313|G138|0160|Scaron
38daa9a7a520dc8f341dc7ef3359c32c|GKCMAE+Arial068.313|G147|201c|quotedblleft
336a4cd7d45dc560991d766dd527938b|GKCMAE+Arial068.313|G154|0161|scaron
78dd16a6dd8cb4a012f2710cce631eb4|GKCMAE+Arial068.313|G157|0165|tcaron
238afef6b86ce743ee52efb50f0b6f26|GKCMAE+Arial068.313|G158|017e|zcaron
12189cfa92774a38cc766676a3f5976e|GKCMAE+Arial068.313|G200|010d|ccaron
aba9df946edf54f90feda1edc3b11454|GKCMAE+Arial068.313|G216|0158|Rcaron
396a47486ab4751a03285081e3e1e155|GKCMAE+Arial068.313|G218|00da|Uacute
7441c33e894b5292d56223c23136a621|GKCMAE+Arial068.313|G225|00e1|aacute
00a054f03fb1e27f5096319d0efd7e02|GKCMAE+Arial068.313|G232|010d|ccaron
854b0132118d1901655b6dd0876b2396|GKCMAE+Arial068.313|G233|00e9|eacute
7d8f39d20699045b2036bb65728ed95f|GKCMAE+Arial068.313|G236|011b|ecaron
b2d88af29127acd28f5ef1d354d87adc|GKCMAE+Arial068.313|G237|00ed|iacute
57cc3cde86604a376c3203f73b8ece55|GKCMAE+Arial068.313|G242|0148|ncaron
fd8496ee164e18b4491d73b8b5040343|GKCMAE+Arial068.313|G243|00f3|oacute
d30709f7ae9f34b8d489f274d951e01e|GKCMAE+Arial068.313|G248|0159|rcaron
4c635842bb0dbde80cd2a560489fab12|GKCMAE+Arial068.313|G249|016f|uring
63bfe072ae793670a8ad9f75c467e7b2|GKCMAE+Arial068.313|G250|00fa|uacute
64846ef09fed747a627f7cb3f9a6aab3|GKCMAE+Arial068.313|G253|00fd|yacute
6e22cffd2884541c1114068537e7df19|GKCLND+Symbolb0250|.notdef|FFFD|notdef
2ee3c97debd97beccae7f43ac3da31d9|GKCLND+Symbolb0250|G241|276d|
24274945f9d68211ccad3a72dc9d486b|GKCMHD+Arial.kurz.va068.313|G99|0063|c
293086566dc375ca6674c0d5ea9475e9|GKCMHD+Arial.kurz.va068.313|G100|0064|d
be51c20d90eb0a59bf8283a269996099|GKCMHD+Arial.kurz.va068.313|G101|0065|e
e8f4e1542e4abdfbe0e7a2a3e194ac01|GKCMHD+Arial.kurz.va068.313|G102|0066|f
20906bcc31c14bbb3f25844dd4daf41a|GKCMHD+Arial.kurz.va068.313|G103|0067|g
8139e0035e28bd39991cd3aaebfe566b|GKCMHD+Arial.kurz.va068.313|G104|0068|h
2c898f1e5e72ed9318154668370acf42|GKCMHD+Arial.kurz.va068.313|G105|0069|i
5b17130a30b32cfcdd069484060dc928|GKCMHD+Arial.kurz.va068.313|G108|006c|l
5b219bdfaa230d4199da4c95371dc895|GKCMHD+Arial.kurz.va068.313|G109|006d|m
6973a123a81c195e1c31b52310078f78|GHPCIC+Arial.tu.n.0116.688|.notdef|FFFD|notdef
d338ec14673319212797ecb1eaadd90a|GPENMK+Arial.tu.n.0116.688|G51|0033|three
2a756b9a0aec401e784b388c0982a6ae|GHPCIC+Arial.tu.n.0116.688|G54|0036|six
53b87aab46ba762cad615c49bb579e40|GHPCIC+Arial.tu.n.0116.688|G55|0037|seven
231637c3b2b226f14be4c90d39468d54|GHPCIC+Arial.tu.n.0116.688|G56|0038|eight
d2109b76e3283bb17739c718bd024ffd|GKCMHD+Arial.kurz.va068.313|G110|006e|n
2628c3e5151ac2c816550f6813ec1c16|GKCMHD+Arial.kurz.va068.313|G111|006f|o
34ff8f2e303f6ab6e687035b8e5da54a|GKCMHD+Arial.kurz.va068.313|G112|0070|p
05daef87e44c0d91d4f07e4054e09b95|GKCMHD+Arial.kurz.va068.313|G115|0073|s
7434bedd275a49cad6414a43521febf1|GKCMHD+Arial.kurz.va068.313|G116|0074|t
0ab1ec50f4f86752dfaba6b03447f048|GKCMHD+Arial.kurz.va068.313|G117|0075|u
cfccb0a6bc5cac0961e19fb02c7eb292|GKCMHD+Arial.kurz.va068.313|G119|0077|w
777bb784800d56138f608ed0705cc978|GKCMME+Arial.tu.n.068.313|.notdef|FFFD|notdef
99cc0216df26e307a62f2451980072de|GKCMME+Arial.tu.n.068.313|G46|002e|period
a1eef2923739c481719e1d10e2ce57e7|GKCMME+Arial.tu.n.068.313|G47|002f|slash
d5e61234b3e39d772890987a8b3bb126|GKCMME+Arial.tu.n.068.313|G58|003a|colon
0988922cf09f7321316f3b43b4715fe8|GKCMME+Arial.tu.n.068.313|G65|0041|A
0e8f825d046e08227f055fbe20818e74|GHPCIC+Arial.tu.n.0116.688|G49|0031|one
9248a2f24724da91206ef0942721977b|GPENMK+Arial.tu.n.0116.688|G50|0032|two
393b1387e3add1fe567ce94e0da948c3|GKCMME+Arial.tu.n.068.313|G67|0043|C
7ae1bc2de88862049af684d9b943902a|GKCMME+Arial.tu.n.068.313|G69|0045|E
44a3068b5eeb01f0f69d6091fc3ac6e2|GKCMME+Arial.tu.n.068.313|G108|006c|l
2462c7e9790013e0f398bf44c24704dd|GKCMME+Arial.tu.n.068.313|G77|004d|M
6ad65c2f45b200a0c0dfd2db7bed6676|GKCMME+Arial.tu.n.068.313|G79|004f|O
4c1e50d8d79d54b2db6963e8078d103e|GKCMME+Arial.tu.n.068.313|G80|0050|P
567fb29cef5c325b06283e149aa316bb|GKCMME+Arial.tu.n.068.313|G82|0052|R
de0e93a7e17436b2e538e2420fd649d5|GKCMME+Arial.tu.n.068.313|G83|0053|S
52cb5269b305d9b302d88e6cbd197f9c|GKCMME+Arial.tu.n.068.313|G84|0054|T
48e876ac361ceab90f716bba417c572d|GKCMME+Arial.tu.n.068.313|G97|0061|a
2c5ca9054ce1fce0998b584599a8c82d|GKCMME+Arial.tu.n.068.313|G99|0063|c
6b357e738522751bca2019775bd7f5cf|GKCMME+Arial.tu.n.068.313|G101|0065|e
d512f3f74de0d57177f68ec7ea695766|GKCMME+Arial.tu.n.068.313|G102|0066|f
437c3e211a1c92fbc3d0b5416455b19b|GKCMME+Arial.tu.n.068.313|G104|0068|h
82d717f0db13e48dc7c51fb7a72a18af|GKCMME+Arial.tu.n.068.313|G105|0069|i
de778c46032bf9ff5023f4997a56d629|GKCMME+Arial.tu.n.068.313|G109|006d|m
e3e0ea5f81dfe79cd56bed47e42de267|GKCMME+Arial.tu.n.068.313|G110|006e|n
79dc23d89e027d7a84b99b6c04fa451a|GKCMME+Arial.tu.n.068.313|G111|006f|o
961130cc2c3b406cd1082ed2dfd1e7d2|GKCMME+Arial.tu.n.068.313|G112|0070|p
33852bdb7df478ce1dc183fdb64ee29b|GKCMME+Arial.tu.n.068.313|G114|0072|r
5a14ec426d437ba7872b10edea55193b|GKCMME+Arial.tu.n.068.313|G115|0073|s
a47514961436e4fae12d74aa39555ffe|GKCMME+Arial.tu.n.068.313|G116|0074|t
4c8c4fc73d1184f6cbeba31b7c37ec53|GKCMME+Arial.tu.n.068.313|G117|0075|u
fb056a74ebf8aa9797eac94cf2b3b6a1|GKCMME+Arial.tu.n.068.313|G121|0079|y
4d03d93bec8f49a1151d735d2e533bc4|GKCNFC+Arial058.313|.notdef|FFFD|notdef
48ecde39bab96a7cc9ae8f89b2414035|GKCNFC+Arial058.313|G44|002c|comma
c10528416e3e5eb5c8cfdcbd8c21e57c|GKCNFC+Arial058.313|G45|002d|hyphen
89aba0f25648e2458e38a0c8bc330cc4|GKCNFC+Arial058.313|G46|002e|period
05ef6d7d6eaf2a0582770b7949d5578e|GKCNFC+Arial058.313|G47|002f|slash
a503e7e7245ab82055be6242a51bbb8b|GKCNFC+Arial058.313|G48|0030|zero
2de961154ba635a1863e503015241e17|GKCNFC+Arial058.313|G49|0031|one
fdc15a716e2938f886f8dfc884ad8a12|GKCNFC+Arial058.313|G50|0032|two
6aaca142ede8abddb2ad915bc328df8f|GKCNFC+Arial058.313|G51|0033|three
78dc01132a71198defa23d65a08444ec|GKCNFC+Arial058.313|G52|0034|four
bcacfcd574c37cddcbe352b2785cb94b|GKCNFC+Arial058.313|G53|0035|five
959adf83a3ef846f0930da4d5735c95c|GKCNFC+Arial058.313|G54|0036|six
0743373a75bacfea020418959d1d8270|GKCNFC+Arial058.313|G55|0037|seven
ffa50af9ef2d6fed13b7f34c0fabfcab|GKCNFC+Arial058.313|G56|0038|eight
ff272ee1d05d4291bb590c03ead0dacf|GKCNFC+Arial058.313|G57|0039|nine
3e1462c8fdb489a421824458743cc19f|GKCNFC+Arial058.313|G58|003a|colon
4759b9541bb50f1a2558cb1fa90971a8|GKCNFC+Arial058.313|G65|0041|A
46316f21063961eca9ada811316808bc|GKCNLC+Arial.kurz.va058.313|G40|0028|parenleft
01455f2528c9bd74ceb7efe9e97668ff|GKCNLC+Arial.kurz.va058.313|G41|0029|parenright
a65a7cd505f1b27898739611ca5e085a|GKCNLC+Arial.kurz.va058.313|G100|0064|d
81347c844b5b88a3ca938ebc391b7ed2|GKCNLC+Arial.kurz.va058.313|G101|0065|e
590af34627c5fa834abddda4014f1b21|GKCNLC+Arial.kurz.va058.313|G107|006b|k
6ed3f2fdee93169139e91fe0a04dc406|GKCNLC+Arial.kurz.va058.313|G110|006e|n
1245f8d1b9a63afd6a6f10ce60bf760a|GKCNLC+Arial.kurz.va058.313|G111|006f|o
a2e18e028887a3089d136beb019be93a|GKCNLC+Arial.kurz.va058.313|G232|010d|ccaron
af842a346760fe1809518b789fcc3a53|GKCNLC+Arial.kurz.va058.313|G237|00ed|iacute
6fe90d8df11de3b7dd1b056f764b7fbc|GKCNFC+Arial058.313|G66|0042|B
1823d6f792991672a8c06b011374aad4|GKCNFC+Arial058.313|G67|0043|C
4304db37f62a6077da5b3b20cada6ba6|GKCNFC+Arial058.313|G68|0044|D
7601b7182a5b275a065479f4fc2b2642|GKCNFC+Arial058.313|G69|0045|E
455725dec0fb19ffdbd1d1d3a9e7dc50|GKCNFC+Arial058.313|G70|0046|F
a612a18e66849b373ce08da5e7d85797|GKCNFC+Arial058.313|G72|0048|H
9e50ed76c812b96e7276edc541744443|GKCNFC+Arial058.313|G73|0049|I
a2597c495de7f5ff4f415cecd9f05ce3|GKCNFC+Arial058.313|G74|004a|J
101296f2e54575e383d871bcb07a42c8|GKCNFC+Arial058.313|G76|004c|L
0d9cfba1366c7c4680b1446e07f918c7|GKCNFC+Arial058.313|G77|004d|M
ff1d00960b82ba1903b9404bb89cb7ea|GKCNFC+Arial058.313|G78|004e|N
09a84cb8c77bb5f32fd2046da6248042|GKCNFC+Arial058.313|G80|0050|P
c8fe856839e7ec22d4ed7e1510c3fa4f|GKCNFC+Arial058.313|G82|0052|R
d694efa0514fdd0146fd14abeda19f52|GKCNFC+Arial058.313|G83|0053|S
fea1636152193ef1c2793ae064b91d87|GKCNFC+Arial058.313|G84|0054|T
8107b11aa29c896a625248c24c0ef5ec|GKCNFC+Arial058.313|G86|0056|V
79637ce2e6418849135aba044754e015|GKCNFC+Arial058.313|G87|0057|W
d79dd0478e75e79df0b9e5b24629f8b7|GKCNFC+Arial058.313|G88|0058|X
dd723c3c7079267e0b657e43fff9a230|GKCNFC+Arial058.313|G90|005a|Z
fa4e309044b9a938378538612188a4ce|GKCNFC+Arial058.313|G97|0061|a
363108c8fb046b89537b122c4d01a8b8|GKCNFC+Arial058.313|G98|0062|b
917e84e8f1ab95551f730713ebd65b7a|GKCNFC+Arial058.313|G99|0063|c
9d72f680fbaa5afd7bdd5ed479ad79ea|GKCNFC+Arial058.313|G100|0064|d
d8306d34bee4d14677720f3f30a4a424|GKCNFC+Arial058.313|G101|0065|e
9812c5974c92bffd67956c8a03b0b610|GKCNFC+Arial058.313|G102|0066|f
d451ca856e0ee44e9de1f6ffbcb2d5a2|GKCNFC+Arial058.313|G103|0067|g
9e3339772d082bade32464712b74168e|GKCNFC+Arial058.313|G104|0068|h
41dc720dac2aa6601c550b869f27d73b|GKCNFC+Arial058.313|G105|0069|i
9afca88db08c9413e48289c423bd864f|GKCNFC+Arial058.313|G106|006a|j
3ae6e5011ca3a2f9fc6ac6f9731e6c51|GKCNFC+Arial058.313|G107|006b|k
3e62f5d83ce2b7a38ff34aee6d3a12cf|GKCNFC+Arial058.313|G108|006c|l
3cb93256882d31534080f621826ca325|GKCNFC+Arial058.313|G109|006d|m
870b1b2bc6f578e509bd23be77972c01|GKCNFC+Arial058.313|G110|006e|n
ea5e20eb49f44f39e14eabd22609cf93|GKCNFC+Arial058.313|G111|006f|o
4b711b4b80c4ba08908ae5a6ce84da48|GKCNFC+Arial058.313|G112|0070|p
49397063451b1beb512969a40e388334|GKCNFC+Arial058.313|G114|0072|r
aec4787788eda7d903f86f5137890b0c|GKCNFC+Arial058.313|G115|0073|s
8f40afb4af23d2284010ea221c0ea853|GKCNFC+Arial058.313|G116|0074|t
17c1b0cbceed6c7b4ed73105b4d8cd35|GKCNFC+Arial058.313|G117|0075|u
bb8b6ec168834fd0db0ba99b7b7b2896|GKCNFC+Arial058.313|G118|0076|v
f7dc48987d66d85263c031963c48a115|GKCNFC+Arial058.313|G121|0079|y
19d0f7afd30c5e767c32974212dad5ad|GKCNFC+Arial058.313|G122|007a|z
c6df385b84d01ccc513be7efc0539d41|GKCNFC+Arial058.313|G132|201e|quotedblbase
77ca121cfb69ca20d3070208ad0c1bc4|GKCNFC+Arial058.313|G138|0160|Scaron
4e4da5860aafbf844311bf32db962a45|GKCNFC+Arial058.313|G147|201c|quotedblleft
3fc2505de3d2141031ea322b7cd3c65f|GKCNFC+Arial058.313|G154|0161|scaron
246d20f7dc325bd42c31c5f7e09f453c|GKCNFC+Arial058.313|G158|017e|zcaron
34d5d1d67e9873079ec07044e0130119|GKCNFC+Arial058.313|G200|010c|Ccaron
8b98da248811b1f9a023dba3912b3f7c|GKCNFC+Arial058.313|G225|00e1|aacute
9f981033070cb8389ff09ba0b6483692|GKCNFC+Arial058.313|G232|010d|ccaron
589a99ff17f766381f23cfe5a85cab6b|GKCNFC+Arial058.313|G233|00e9|eacute
c9f1b00573f4ac9c0f62123f441552ef|GKCNFC+Arial058.313|G236|011b|ecaron
a36f3ffa120ba777938b4c5dd76a5259|GKCNFC+Arial058.313|G237|00ed|iacute
dc0b482fd07961b785d102789d93d3a4|GKCNFC+Arial058.313|G248|0159|rcaron
e7bd9f240b6b899c2c7331c4ca3c1d9f|GKCNFC+Arial058.313|G249|016f|uring
fbdac6b3df2d9c5d76b0d7eb58e5a5c5|GKCNFC+Arial058.313|G253|00fd|yacute
684f3ebbcfbef39bcc1589f07c6d7f72|GKCJHD+Times.New.Roman.tu.n.083.313|.notdef|FFFD|notdef
b996d593c639fbe29774ebb48554ed48|GKCJHD+Times.New.Roman.tu.n.083.313|G45|002d|hyphen
9e3cf70588fbcbe935b09a2454bf1dc5|GKCJHD+Times.New.Roman.tu.n.083.313|G47|002f|slash
e7300cc8e52440d13f913cb44df0a5c1|GKCJHD+Times.New.Roman.tu.n.083.313|G48|0030|zero
cbc71262e5b7938f10b6b6c5725af6d4|GKCJHD+Times.New.Roman.tu.n.083.313|G50|0032|two
63e486e243ea089ddd81d8e9983f27af|GKCJHD+Times.New.Roman.tu.n.083.313|G65|0041|A
0771a1ae51ffeae177efee3bb468be46|GKCJHD+Times.New.Roman.tu.n.083.313|G80|0050|P
792bde7c41d028a41bc00374acb3ee74|GKCJHD+Times.New.Roman.tu.n.083.313|G82|0052|R
972fab0d565e39d6127299282ef6b952|GKCJHD+Times.New.Roman.tu.n.083.313|G97|0061|a
3a2bed6e057c24f979af05a525701b1d|GKCJHD+Times.New.Roman.tu.n.083.313|G99|0063|c
b091bc31ac228dbc992c60ee52035761|GKCJJF+Arial.tu.n.083.313|G49|0031|one
eb404b4a335394a054faec93d45ae85f|GKCJJF+Arial.tu.n.083.313|G50|0032|two
d4e3dd85ccf4daae7a102b796395ffdd|GKCJJF+Arial.tu.n.083.313|G51|0033|three
8433293bac2322d047947f2571e27309|GKCJJF+Arial.tu.n.083.313|G52|0034|four
3312f4372c521e940714dad68fbe8a35|GKCJJF+Arial.tu.n.083.313|G53|0035|five
17a05c38efd51741a695e6a2b9141748|GKCJJF+Arial.tu.n.083.313|G54|0036|six
652bffad76d1aedbd95447971e7c2ab0|GKCJJF+Arial.tu.n.083.313|G57|0039|nine
1f573a802d62bb3de74380f1282b6b50|GKCJJF+Arial.tu.n.083.313|G65|0041|A
88065b3c003666a77b32fa40a12df1e2|GKCJJF+Arial.tu.n.083.313|G66|0042|B
f5e01e08dbe45ea6cb2b0b122dbc0c03|GKCKAE+Arial0141.688|.notdef|FFFD|notdef
53c559f85cfab427c3ce433753a15fee|GKCKAE+Arial0141.688|G72|0048|H
58e788e87f63482429b529382f003815|GKCKAE+Arial0141.688|G78|004e|N
61cc3560c6428a5a35ee33fc07af1c40|GKCKAE+Arial0141.688|G79|004f|O
eb4e54d4b16aba3b58fcb5affe4e0ae7|GKCKAE+Arial0141.688|G82|0052|R
54bf2c208dc32e25817d416f46b6f217|GKCKAE+Arial0141.688|G86|0056|V
8fdb785b4b1e8f85a4dbdaba8d4ecec4|GKCKAE+Arial0141.688|G90|005a|Z
a20742b9770cc4a41a7884bc54dcce2e|GKCKAE+Arial0141.688|G138|0160|Scaron
1d1aa889c7e9fee92db9477b64c8af11|GKCKAE+Arial0141.688|G193|00c1|Aacute
11ee053f093993b80f69e196e9f4c4c2|GKCJHD+Times.New.Roman.tu.n.083.313|G100|0064|d
fec82458958ecc00793b16fa139747bd|GKCJHD+Times.New.Roman.tu.n.083.313|G101|0065|e
582c585104d094a30138f0ef71d5f089|GKCJHD+Times.New.Roman.tu.n.083.313|G105|0069|i
6bf5ccb7ba85aa455a1330b71477dae4|GKCJHD+Times.New.Roman.tu.n.083.313|G107|006b|k
d8897f8863b78c6a5e4a89352b446cc9|GKCJHD+Times.New.Roman.tu.n.083.313|G108|006c|l
759f43a9c0c4b86436d36b9ee44ac1ed|GKCJHD+Times.New.Roman.tu.n.083.313|G110|006e|n
b3966dd8ae223b16d2e2cc246358ff14|GKCJHD+Times.New.Roman.tu.n.083.313|G111|006f|o
ed417d08f44ffc3c1afd5638609c7882|GKCJHD+Times.New.Roman.tu.n.083.313|G114|0072|r
8e1f6efa70b9c294ac4e4c15385f37fc|GKCJHD+Times.New.Roman.tu.n.083.313|G116|0074|t
6bd85913d909346d52440b6246860013|GKCJHD+Times.New.Roman.tu.n.083.313|G225|00e1|aacute
3f791ac3ba42926a9b67cff6832a0498|GKCNFC+Arial058.313|G181|03bc|
dd337c24f46752588bc9478d8211bd12|GKCJJF+Arial.tu.n.083.313|G67|0043|C
709d9660761c1b7596b18bec42bbc240|GKCJJF+Arial.tu.n.083.313|G68|0044|D
3e11dd7b5d0f9a8144774df2a26d6622|GKCJJF+Arial.tu.n.083.313|G69|0045|E
4a26d27a55348731e097c5de61aa7215|GKCJJF+Arial.tu.n.083.313|G108|006c|l
abb3539895d905b8ef4323fc868cbf4c|GKCJJF+Arial.tu.n.083.313|G75|004b|K
8f4d8ee69718fab56c6df38167825ef8|GKCJJF+Arial.tu.n.083.313|G76|004c|L
59ff1b6f7511e92b3fc7cfbd79f4751e|GKCJJF+Arial.tu.n.083.313|G77|004d|M
9f1abe74215f7d893504ca742023f37a|GKCJJF+Arial.tu.n.083.313|G78|004e|N
d257a82c30bb5c231b7d739ac09b448e|GKCJJF+Arial.tu.n.083.313|G79|004f|O
098fbe20327f83d768d63b5833e673aa|GKCJJF+Arial.tu.n.083.313|G80|0050|P
5a6456de0e50ba3340bb11ea3e66a7b8|GKCJJF+Arial.tu.n.083.313|G82|0052|R
db19ce72284c4a8b82e22fa0a8084326|GKCJJF+Arial.tu.n.083.313|G83|0053|S
bad1338bf7be51a38332ac7dcdd955e2|GKCJJF+Arial.tu.n.083.313|G84|0054|T
34ea81f6d9ad6602999018cd58772944|GKCJJF+Arial.tu.n.083.313|G85|0055|U
2e6dd09bd77377081782d2c59cca80e9|GKCJJF+Arial.tu.n.083.313|G86|0056|V
11dd05775847b8e6efb03875dd688343|GKCJJF+Arial.tu.n.083.313|G90|005a|Z
69512678484f49f25e4583ce32666c94|GKCJJF+Arial.tu.n.083.313|G97|0061|a
5baa9548b3b27793ce24314c5228e954|GKCJJF+Arial.tu.n.083.313|G98|0062|b
55d735c0a8e005113202b4940c472633|GKCJJF+Arial.tu.n.083.313|G99|0063|c
56f66ac64ae6eaadef22aedce2e8da39|GKCJJF+Arial.tu.n.083.313|G100|0064|d
b9bdd6852c2e6bd4b06506162fadbb54|GKCJJF+Arial.tu.n.083.313|G101|0065|e
f2116924fa2bbcdac287cc5a4c689093|GKCJJF+Arial.tu.n.083.313|G102|0066|f
0384bf09c7dc1abf0fca9f46199c2f2c|GKCJJF+Arial.tu.n.083.313|G103|0067|g
00e3107d118ed4dd947cb32e4f0c1329|GKCJJF+Arial.tu.n.083.313|G104|0068|h
eada789be1bbe1a64ec63cd81ff51c41|GKCJJF+Arial.tu.n.083.313|G105|0069|i
8a4903a4dac2219bafa5456720fec81c|GKCJJF+Arial.tu.n.083.313|G106|006a|j
bd895e1c7b307259812cfa29abe5de4d|GKCJJF+Arial.tu.n.083.313|G107|006b|k
70fe63ef7e5d8452c1161a9b4578b663|GKCJJF+Arial.tu.n.083.313|G109|006d|m
cb87ec2bef5a1d822d94bb48b170e505|GKCJJF+Arial.tu.n.083.313|G110|006e|n
e8e17c389896a495fb124d5444e9049e|GKCJJF+Arial.tu.n.083.313|G111|006f|o
ab1b35c7dff6b6524176cfd341e9a191|GKCJJF+Arial.tu.n.083.313|G112|0070|p
eb297e945f6b545b22270a974ac299e4|GKCJJF+Arial.tu.n.083.313|G114|0072|r
5d652a322e462254f71a1fff322746cc|GKCJJF+Arial.tu.n.083.313|G115|0073|s
230c00d9224dfff8b62b6e6fe32fb4b4|GKCJJF+Arial.tu.n.083.313|G116|0074|t
514695ddf214e01617c318de11a42157|GKCJJF+Arial.tu.n.083.313|G117|0075|u
194d4d3f779f00c44e489228cde0c878|GKCJJF+Arial.tu.n.083.313|G118|0076|v
cecfe13f9a181885a18c145a542a28ea|GKCJJF+Arial.tu.n.083.313|G121|0079|y
53e0127b7dae5fa235f4cf21d45b7bb7|GKCJJF+Arial.tu.n.083.313|G138|0160|Scaron
0be76644e01d3a10a0d5aff82dc13b8a|GKCJJF+Arial.tu.n.083.313|G154|0161|scaron
9e4822a1e970e0cce3a929a0c9a4d903|GKCJJF+Arial.tu.n.083.313|G200|010c|Ccaron
12184463c00b50d6bd79dcc4debabc13|GKCJJF+Arial.tu.n.083.313|G232|010d|ccaron
b314d484f84912b42dade9391dff7d40|GKCJJF+Arial.tu.n.083.313|G204|011a|Ecaron
f657a05138afb771783b267d51ba760f|GKCJJF+Arial.tu.n.083.313|G205|00cd|Iacute
7acded70c49ee9f3aabae0d6461261f0|GKCJJF+Arial.tu.n.083.313|G225|00e1|aacute
d069fe253ffdb0bef087e789ab8f60fb|GKCJJF+Arial.tu.n.083.313|G237|00ed|iacute
95c9ad2f2705f0820552d7a8e579495f|GKCJJF+Arial.tu.n.083.313|G248|0159|rcaron
73795ae45a8daf0e98f34d60d2fb6989|GHPCIC+Arial.tu.n.0116.688|G57|0039|nine
522bc8527df04820dce450e90a2cfb91|GKLMKJ+Arial054.188|.notdef|FFFD|notdef
c3694a29d0f97f2657180101be5d4ec8|GKLMKJ+Arial054.188|G40|0028|parenleft
42aa0dd3cf8b11bf224a7d926f5e1c65|GKLMKJ+Arial054.188|G41|0029|parenright
cbb6ffda0498e9e38325c1f1f197b4b2|GKLMKJ+Arial054.188|G45|002d|hyphen
38d2d4d10166da8c0d2fdc4f6f22c50e|GKLMKJ+Arial054.188|G66|0042|B
eccf1e60470267d993263931f01c7d51|GKLMKJ+Arial054.188|G72|0048|H
11a2c28526d7efe074a3cf65925c7865|GKLMKJ+Arial054.188|G97|0061|a
415ac29cc72205f0aa8c7ae6d1cc53c7|GKLMKJ+Arial054.188|G98|0062|b
b7099e2fec6e8f49e57a3e62245751e3|BCIKPB+Arial075|.notdef|FFFD|notdef
900327575e9ac07524f959247209241b|BCIKPB+Arial075|G37|0025|percent
9cd09553893c52fd2d674e0323f9789d|BCIKPB+Arial075|G40|0028|parenleft
42b9785d92e0d0777e2425f954c9d6be|BCIKPB+Arial075|G41|0029|parenright
145b080c5b94c52ee46eb7a10b810478|BCIKPB+Arial075|G44|002c|comma
7b2a68638ff9a94d11ab2e9ab5c21f04|BCIKPB+Arial075|G45|002d|hyphen
d5de0c13fb7d4b912db4019ce8f74c2e|BCIKPB+Arial075|G46|002e|period
ace40137ad36a99de9cb0b03f557bef7|BCIMDO+Arial.kurz.va070.813|.notdef|FFFD|notdef
8bc50a837b91bd1de94473d94807a9db|BCIMDO+Arial.kurz.va070.813|G46|002e|period
56b826c57e8a03910fe51361f47a33ff|BCIMDO+Arial.kurz.va070.813|G49|0031|one
471d7e4feb07d2a0feab3e29942233a2|BCIMDO+Arial.kurz.va070.813|G79|004f|O
49e33b489dd27c6674e4a72b49813fb9|BCIMDO+Arial.kurz.va070.813|G83|0053|S
1098a7b01cc6415ca90c827eee8a4d75|BCIMDO+Arial.kurz.va070.813|G97|0061|a
a444fcb8a988d9a8a5abfa254b6cfc7d|BCIMDO+Arial.kurz.va070.813|G98|0062|b
62522f08adf7f6dd82d376606ecf8f98|BCIMDO+Arial.kurz.va070.813|G108|006c|l
